설치읍면동,위도,경도
강원도 원주시 관설동 섭재삼보길,37.311311,127.976803
강원도 횡성군 소초면 학곡리 462-1,37.440494,128.062169
강원도 횡성군 소초면 학곡리 462-1,37.440494,128.062169
강원도 횡성군 소초면 둔둔리 산32-30,37.4549412,127.9786311
강원도 횡성군 소초면 둔둔리 산32-30,37.4549412,127.9786311
강원도 횡성군 소초면 둔둔리 산32-30,37.4549412,127.9786311
강원도 원주시 단계동 898-6,37.3429604,127.933754
강원도 원주시 단계동 924-5,37.3381386,127.932663
강원도 원주시 단계동 930-13,37.3388214,127.9339371
강원도 원주시 단계동 888-7,37.3415298,127.931366
강원도 원주시 단계동 837-2,37.348568,127.9293213
강원도 원주시 단계동 822-3,37.3494453,127.9320755
강원도 원주시 단계동 826-11,37.3476791,127.9335861
강원도 원주시 단계동 817,37.3499184,127.9294434
강원도 원주시 일산동 289-6,37.3458366,127.9428711
강원도 원주시 명륜1동 259-23,37.3378792,127.9499435
강원도 원주시 문막읍 건등리 1704,37.3135109,127.8207245
강원도 원주시 명륜2동 503,37.3328743,127.9453583
강원도 원주시 명륜2동 836-1,37.3271103,127.9408188
강원도 원주시 명륜2동 851-2,37.3305054,127.944191
강원도 원주시 태장2동 1362-10,37.3856239,127.9505692
강원도 원주시 단계동 821,37.3493996,127.9306259
강원도 원주시 단구동 1528-13,37.3245392,127.9433136
강원도 원주시 단구동 1558-1,37.3229637,127.9436722
강원도 원주시 개운동 397-25,37.3410683,127.956955
강원도 원주시 단구동 1579-2,37.323143,127.9499283
강원도 원주시 반곡관설동 1661-12,37.3208961,127.9627228
강원도 원주시 개운동 403-17,37.3392105,127.9582672
강원도 원주시 반곡관설동 1761-4,37.3158455,127.9594574
강원도 원주시 일산동 268-14,37.3482437,127.9421997
강원도 원주시 태장2동 1379-23,37.3841667,127.9485397
강원도 원주시 단계동 183-2,37.3536263,127.9323273
강원도 원주시 명륜1동 90-15,37.3427582,127.9540176
강원도 원주시 단계동 903,37.3412971,127.9338379
강원도 원주시 단구동 1458-31,37.3295746,127.9549866
강원도 원주시 단계동 790-16,37.3454056,127.9359894
강원도 원주시 단계동 811,37.3507538,127.9325638
강원도 원주시 단구동 1515-1,37.3309631,127.9480057
강원도 원주시 판부면 서곡리 2011-2,37.3196297,127.949234
강원도 원주시 판부면 서곡리 1989-2,37.3214073,127.9425812
강원도 원주시 원인동 248-8,37.3455963,127.9477921
강원도 원주시 일산동 187-48,37.3502922,127.9426422
강원도 원주시 중앙동 105-2,37.3497238,127.9506531
강원도 원주시 중앙동 352-19,37.3495674,127.9540176
강원도 원주시 봉산동 1189-6,37.3425026,127.9659195
강원도 원주시 일산동 154-266,37.3460846,127.9449539
강원도 원주시 원인동 170-2,37.3469315,127.951088
강원도 원주시 학성동 1026-1,37.3560371,127.9367752
강원도 원주시 일산동 339-2,37.3450813,127.9408417
강원도 원주시 봉산동 917-17,37.3452721,127.9616852
강원도 원주시 봉산동 925-5,37.3428001,127.9635468
강원도 원주시 명륜2동 837-4,37.3274612,127.941925
강원도 원주시 태장2동 1358-2,37.3864174,127.9514771
강원도 원주시 우산동 196-9,37.3639793,127.9362183
강원도 원주시 우산동 205-3,37.3689995,127.9351044
강원도 원주시 우산동 240-4,37.3663063,127.9344559
강원도 원주시 우산동 228-2,37.3685989,127.937851
강원도 원주시 우산동 228-2,37.3685989,127.937851
강원도 원주시 우산동 228-2,37.3685989,127.937851
강원도 원주시 우산동 228-2,37.3685989,127.937851
강원도 원주시 우산동 244-1,37.3666954,127.9374237
강원도 원주시 우산동 89-4,37.3670921,127.9405594
강원도 원주시 단계동 887,37.342289,127.9322052
강원도 원주시 단계동 931,37.3387299,127.9351501
강원도 원주시 단계동 1102-5,37.3485985,127.9257965
강원도 원주시 태장2동 1397-13,37.3816757,127.9493256
강원도 원주시 학성동 311-38,37.3537216,127.9464722
강원도 원주시 일산동 53-29,37.3486137,127.9487686
강원도 원주시 단구동 1523-15,37.3265381,127.9437103
강원도 원주시 단구동 1630-1,37.3234444,127.9566269
강원도 원주시 단구동 1475-1,37.3214569,127.9654846
강원도 원주시 단구동 87-6,37.3243065,127.9640121
강원도 원주시 개운동 402-29,37.3398552,127.9590302
강원도 원주시 반곡관설동 1687-7,37.3192482,127.9633484
강원도 원주시 무실동 1669-2,37.3328438,127.923584
강원도 원주시 무실동 1672-4,37.3325043,127.9221039
강원도 원주시 무실동 1676-2,37.3342018,127.9213867
강원도 원주시 판부면 서곡리 2013-7,37.3186302,127.9496002
강원도 원주시 우산동 95-14,37.363266,127.9393387
강원도 원주시 부론면 법천리 1540-1,37.2071342,127.7500076
강원도 원주시 우산동 260-3,37.3692284,127.9337997
강원도 원주시 명륜1동 103-5,37.3417397,127.9543076
강원도 원주시 원인동 362,37.3472748,127.9486313
강원도 원주시 태장1동 808,37.3602676,127.9528122
강원도 원주시 단계동 838-7,37.3478203,127.9306641
강원도 원주시 단계동 407-10,37.3440056,127.9275589
강원도 원주시 단계동 1119-4,37.3471947,127.9272156
강원도 원주시 봉산동 1201-2,37.3417091,127.9672241
강원도 원주시 단계동 834-8,37.3480797,127.9303665
강원도 원주시 단계동 855-2,37.3471565,127.9319916
강원도 원주시 단계동 855-2,37.3471565,127.9319916
강원도 원주시 단계동 855-2,37.3471565,127.9319916
강원도 원주시 단계동 855-2,37.3471565,127.9319916
강원도 원주시 단계동 868-3,37.3455925,127.9302902
강원도 원주시 단계동 883-10,37.3434906,127.9317474
강원도 원주시 단구동 1026-21,37.3287926,127.9513397
강원도 원주시 단구동 142-22,37.3249588,127.9621277
강원도 원주시 반곡관설동 1654-4,37.3202553,127.9592438
강원도 원주시 명륜1동 110-30,37.3409424,127.9514771
강원도 원주시 명륜1동 308-3,37.3416824,127.9491577
강원도 원주시 문막읍 문막리 252,37.3060455,127.8162537
강원도 원주시 중앙동 3,37.3487129,127.954422
강원도 원주시 우산동 231-2,37.3673935,127.9387894
강원도 원주시 우산동 295-1,37.3649597,127.937088
강원도 원주시 원인동 299-12,37.3427315,127.9459152
강원도 원주시 원인동 264-4,37.3443146,127.9461823
강원도 원주시 원인동 197-178,37.3438835,127.9498444
강원도 원주시 일산동 229-7,37.3485832,127.9398956
강원도 원주시 학성동 241-1,37.3515205,127.9413757
강원도 원주시 일산동 341-180,37.3462296,127.9408951
강원도 원주시 태장1동 753-4,37.3559837,127.95755
강원도 원주시 태장2동 1375,37.3845596,127.9516907
강원도 원주시 태장2동 1385-6,37.3824234,127.9478378
강원도 원주시 판부면 서곡리 1999-7,37.3208885,127.9451447
강원도 원주시 학성동 973-24,37.3582573,127.9396057
강원도 원주시 학성동 303-2,37.3553429,127.9452057
강원도 원주시 흥업면 흥업리 65-15,37.3028221,127.9201126
강원도 원주시 봉산동 901-69,37.3453598,127.9601898
강원도 원주시 우산동 704-1,37.3874969,127.921463
강원도 원주시 중앙동 60-13,37.3500061,127.9485931
강원도 원주시 일산동 250,37.3510208,127.9397354
강원도 원주시 단구동 1534-10,37.323555,127.9408569
강원도 원주시 무실동 1656-6,37.3336296,127.9232864
강원도 원주시 단계동 908-10,37.3406754,127.9345474
강원도 원주시 단계동 778-22,37.3475494,127.9354706
강원도 원주시 개운동 446-3,37.3313408,127.9521637
강원도 원주시 개운동 440-10,37.333416,127.9507599
강원도 원주시 봉산동 1060-18,37.3513031,127.9572449
강원도 원주시 단계동 68-9,37.3622017,127.9360275
강원도 원주시 개운동 199-6,37.3393745,127.9598236
강원도 원주시 무실동 1720-2,37.3411713,127.9211549
강원도 원주시 문막읍 동화리 1681-1,37.3334274,127.8418655
강원도 원주시 개운동 203-11,37.3395004,127.9619675
강원도 원주시 명륜2동 388,37.3352089,127.9421539
강원도 원주시 명륜2동 764-2,37.334343,127.9401398
강원도 원주시 단구동 1464-12,37.330143,127.9519348
강원도 원주시 단구동 1529-1,37.3247528,127.9426193
강원도 원주시 단구동 1556-1,37.3239365,127.944191
강원도 원주시 단구동 1540-6,37.3233185,127.9417648
강원도 원주시 단구동 1610-3,37.3252945,127.9557877
강원도 원주시 단구동 1679,37.3204651,127.9556274
강원도 원주시 단구동 1644-1,37.3216667,127.9595108
강원도 원주시 단구동 1620-5,37.3220215,127.9591141
강원도 원주시 일산동 184-1,37.3525543,127.9448242
강원도 원주시 단계동 806-2,37.3543243,127.9280701
강원도 원주시 단계동 807-2,37.3520317,127.9315414
강원도 원주시 단계동 933,37.337883,127.934639
강원도 원주시 단계동 1082-3,37.353199,127.9334335
강원도 원주시 단계동 1112-1,37.3481941,127.927269
강원도 원주시 단계동 824,37.3493195,127.9327774
강원도 원주시 단계동 910-1,37.3404961,127.936615
강원도 원주시 우산동 820,37.364212,127.9344788
강원도 원주시 태장2동 1054-4,37.3802948,127.9510574
강원도 원주시 태장2동 2705,37.3854179,127.9535294
강원도 원주시 단구동 1473-6,37.3211746,127.966423
강원도 원주시 무실동 1640,37.3368263,127.9253769
강원도 원주시 무실동 1645,37.334343,127.9265594
강원도 원주시 무실동 1674-5,37.3330154,127.9214783
강원도 원주시 무실동 1654-5,37.3338192,127.9247971
강원도 원주시 무실동 1732-11,37.3377304,127.9284668
강원도 원주시 무실동 1728-8,37.3384361,127.9271545
강원도 원주시 무실동 1761-1,37.337368,127.9224854
강원도 원주시 무실동 1653,37.3341599,127.923439
강원도 원주시 반곡관설동 1687-7,37.3187637,127.9626846
강원도 원주시 반곡관설동 1792-1,37.3147469,127.959465
강원도 원주시 반곡관설동 1751-3,37.3178329,127.9590607
강원도 원주시 반곡관설동 1751-3,37.3193703,127.9594116
강원도 원주시 귀래면 운남리 1012-1,37.1727982,127.8840408
강원도 원주시 판부면 신촌리 1192-1,37.3014984,127.9744568
강원도 원주시 명륜2동 608,37.3321877,127.9433289
강원도 원주시 태장2동 540-5,37.3835564,127.9584961
강원도 원주시 우산동 287-1,37.3653259,127.9382935
강원도 원주시 우산동 287-1,37.3656998,127.9378738
강원도 원주시 문막읍 건등리 1699-2,37.314518,127.8203812
강원도 원주시 문막읍 건등리 1707-16,37.3121719,127.8197479
강원도 원주시 흥업면 매지리 1932,37.2787743,127.9104156
강원도 원주시 판부면 서곡리 1993,37.3203278,127.9426956
강원도 원주시 판부면 서곡리 2022,37.3182907,127.9490204
강원도 원주시 개운동 438,37.3330727,127.9495697
강원도 원주시 개운동 251-1,37.3382263,127.9557953
강원도 원주시 명륜1동 313,37.3380852,127.9410858
강원도 원주시 명륜1동 313,37.3368988,127.9423981
강원도 원주시 명륜1동 313,37.3350945,127.9468842
강원도 원주시 명륜2동 482,37.3332939,127.9451981
강원도 원주시 명륜2동 836-1,37.3275528,127.9408264
강원도 원주시 명륜2동 834-2,37.3282204,127.9413071
강원도 원주시 단구동 1536-9,37.3227196,127.941803
강원도 원주시 단구동 1555,37.3241539,127.9438629
강원도 원주시 단구동 1579-3,37.3230057,127.9495697
강원도 원주시 단구동 1610-3,37.3256569,127.9562149
강원도 원주시 단구동 1679,37.3209724,127.9555206
강원도 원주시 학성동 1064-2,37.3521996,127.9363861
강원도 원주시 개운동 389,37.3416214,127.9580002
강원도 원주시 단계동 903,37.3418694,127.9337158
강원도 원주시 단계동 818-4,37.3496437,127.9300156
강원도 원주시 단계동 1095-3,37.3501816,127.9263153
강원도 원주시 우산동 123-1,37.3703842,127.9382401
강원도 원주시 우산동 123-1,37.3703842,127.9382401
강원도 원주시 우산동 123-1,37.3703842,127.9382401
강원도 원주시 우산동 123-1,37.3703842,127.9382401
강원도 원주시 우산동 123-1,37.3703842,127.9382401
강원도 원주시 우산동 121-18,37.3702087,127.9377136
강원도 원주시 우산동 411-10,37.3746109,127.9403839
강원도 원주시 태장1동 729-3,37.3559265,127.9562759
강원도 원주시 태장1동 1346-85,37.3583984,127.9526443
강원도 원주시 태장2동 1362-10,37.3857155,127.950119
강원도 원주시 봉산동 902-274,37.3438797,127.9623337
강원도 원주시 무실동 942-9,37.3361855,127.9345551
강원도 원주시 무실동 1716-3,37.3394623,127.9192429
강원도 원주시 무실동 1644,37.3358727,127.9243851
강원도 원주시 무실동 1728-8,37.3395195,127.926445
강원도 원주시 무실동 1822-1,37.3319054,127.9336777
강원도 원주시 명륜1동 311-11,37.3400917,127.9407806
강원도 원주시 반곡관설동 1657-15,37.322197,127.9605713
강원도 원주시 개운동 290-6,37.3383064,127.9526978
강원도 원주시 원인동 197-40,37.3451538,127.9487534
강원도 원주시 신림면 신림리 693-38,37.2296677,128.0817261
강원도 원주시 신림면 황둔리 658-14,37.262001,128.1926422
강원도 원주시 판부면 서곡리 60-6,37.3057289,127.9481125
강원도 원주시 원인동 210,37.3456688,127.9507675
강원도 원주시 지정면 신평리 1018,37.367588,127.8959885
강원도 원주시 명륜2동 764-2,37.3343582,127.9405975
강원도 원주시 명륜2동 388,37.3351212,127.9427032
강원도 원주시 태장2동 485,37.3865204,127.9559097
강원도 원주시 무실동 1887-1,37.3274002,127.9289474
강원도 원주시 무실동 1868-4,37.3270798,127.930809
강원도 원주시 문막읍 동화리 1539-3,37.3237648,127.829834
강원도 원주시 흥업면 매지리 1932-4,37.2781487,127.9093857
강원도 원주시 단계동 산73-40,37.3544273,127.9284821
강원도 원주시 단계동 1104,37.348423,127.9262314
강원도 원주시 단계동 1097-2,37.3500557,127.9254532
강원도 원주시 단계동 1098-1,37.3494377,127.9247971
강원도 원주시 단계동 853-1,37.3461571,127.9305801
강원도 원주시 단계동 791,37.3446312,127.9354324
강원도 원주시 문막읍 문막리 112-2,37.3059425,127.8217468
강원도 원주시 문막읍 동화리 1260-6,37.3225861,127.8349762
강원도 원주시 흥업면 흥업리 1477-4,37.3125496,127.904129
강원도 원주시 판부면 서곡리 2009-2,37.3188744,127.9482651
강원도 원주시 학성동 490-13,37.3588676,127.9439468
강원도 원주시 원인동 246-3,37.3463173,127.9482803
강원도 원주시 개운동 328,37.3344116,127.9544144
강원도 원주시 개운동 384-22,37.3421211,127.9562988
강원도 원주시 명륜1동 126-1,37.3398552,127.9482574
강원도 원주시 명륜2동 819-7,37.3298798,127.9451981
강원도 원주시 단구동 1606-1,37.3246727,127.9590225
강원도 원주시 단구동 1630-10,37.3224564,127.9557953
강원도 원주시 일산동 91-16,37.3486252,127.9476929
강원도 원주시 일산동 184-86,37.3518372,127.9462814
강원도 원주시 학성동 267-23,37.3535843,127.9433594
강원도 원주시 단계동 781-6,37.3462181,127.9346542
강원도 원주시 우산동 242-12,37.3669548,127.9354401
강원도 원주시 태장1동 692-3,37.3605919,127.9548874
강원도 원주시 태장2동 1394-1,37.380867,127.9495621
강원도 원주시 태장2동 1352-29,37.3876839,127.949791
강원도 원주시 봉산동 957-13,37.3465004,127.9641266
강원도 원주시 봉산동 1103-3,37.3486748,127.9568176
강원도 원주시 행구동 1200-9,37.341259,127.9709015
강원도 원주시 무실동 163,37.327301,127.9262238
강원도 원주시 단계동 908-2,37.3416977,127.9352112
강원도 원주시 반곡관설동 1718-7,37.3164177,127.9641876
강원도 원주시 반곡관설동 1703-6,37.3181,127.9646454
강원도 원주시 일산동 184-72,37.3523827,127.9460068
강원도 원주시 문막읍 건등리 1642-2,37.3356171,127.8349533
강원도 원주시 귀래면 운남리 556-37,37.168602,127.8852005
강원도 원주시 태장2동 1373-4,37.3846588,127.9532852
강원도 원주시 무실동 1907-2,37.3277397,127.9278107
강원도 원주시 귀래면 용암리 210-1,37.1751518,127.8347778
강원도 원주시 귀래면 귀래리 1458,37.2234001,127.863678
강원도 원주시 귀래면 귀래리 1458,37.2234001,127.863678
강원도 원주시 귀래면 용암리 22-2,37.170517,127.8443527
강원도 원주시 귀래면 귀래리 1457,37.2235756,127.8637009
강원도 원주시 귀래면 운남리 662-2,37.1638374,127.8887787
강원도 원주시 귀래면 운계리 326-1,37.1994324,127.8947449
강원도 원주시 귀래면 운남리 384-3,37.1808586,127.9210892
강원도 원주시 태장2동 1373-5,37.3837738,127.9527817
강원도 원주시 명륜2동 710-3,37.3324966,127.9417114
강원도 원주시 우산동 201-3,37.3698235,127.9360352
강원도 원주시 문막읍 동화리 1543,37.3263092,127.8295135
강원도 원주시 반곡관설동 1743-12,37.3175926,127.9624557
강원도 원주시 단구동 618-15,37.3302307,127.9589539
강원도 원주시 봉산동 1144-14,37.3458138,127.9586105
강원도 원주시 단계동 891-11,37.341526,127.9301834
강원도 원주시 단계동 895-11,37.3401451,127.9313049
강원도 원주시 단계동 897-9,37.338974,127.9304657
강원도 원주시 단계동 897,37.3401413,127.9308243
강원도 원주시 단계동 904-15,37.3411636,127.9329605
강원도 원주시 단계동 924-2,37.3385201,127.9322205
강원도 원주시 봉산동 1136-10,37.345932,127.9570923
강원도 원주시 봉산동 902-362,37.3456955,127.9603653
강원도 원주시 봉산동 912-23,37.3451881,127.962944
강원도 원주시 봉산동 935-5,37.3442574,127.9640045
강원도 원주시 반곡관설동 1818-2,37.3366814,127.9782639
강원도 원주시 반곡관설동 1964-3,37.3343849,127.9860153
강원도 원주시 반곡관설동 1967-9,37.3301506,127.9925613
강원도 원주시 반곡관설동 1822-19,37.3262978,127.9810791
강원도 원주시 반곡관설동 1905-9,37.3267517,127.9909515
강원도 원주시 반곡관설동 1824-1,37.3278656,127.9797287
강원도 원주시 반곡관설동 4104-1,37.3263054,127.9832687
강원도 원주시 반곡관설동 1897-1,37.3272972,127.9851379
강원도 원주시 반곡관설동 2027-1,37.322998,127.9917755
강원도 원주시 반곡관설동 4405-7,37.3200035,127.9749603
강원도 원주시 반곡관설동 4307-1,37.3251915,127.9817352
강원도 원주시 반곡관설동 2047-11,37.3215675,127.9817123
강원도 원주시 반곡관설동 2047-10,37.3227386,127.9818802
강원도 원주시 반곡관설동 1884-1,37.3243675,127.9786301
강원도 원주시 반곡관설동 2049-3,37.3241234,127.9774323
강원도 원주시 반곡관설동 1858-5,37.3267326,127.9787598
강원도 원주시 반곡관설동 1809-9,37.3290672,127.975853
강원도 원주시 반곡관설동 1822-11,37.3305893,127.9794617
강원도 원주시 반곡관설동 1822-13,37.333374,127.9782104
강원도 원주시 반곡관설동 1816-2,37.3355064,127.9761963
강원도 원주시 반곡관설동 1818-10,37.3350258,127.9827728
강원도 원주시 반곡관설동 1963-8,37.3314362,127.9861374
강원도 원주시 반곡관설동 1900-1,37.3263359,127.9865494
강원도 원주시 반곡관설동 1984-6,37.3240509,127.9872055
강원도 원주시 반곡관설동 1916-1,37.3220253,127.9872208
강원도 원주시 반곡관설동 1914-8,37.3262901,127.9933548
강원도 원주시 반곡관설동 1993-3,37.328537,127.9932022
강원도 원주시 문막읍 동화리 516-3,37.3254089,127.8447266
강원도 원주시 문막읍 동화리 1530-3,37.328228,127.8284607
강원도 원주시 문막읍 동화리 670-8,37.3206139,127.8378372
강원도 원주시 소초면 평장리 751-4,37.4177361,128.0017548
강원도 원주시 소초면 학곡리 574-1,37.4378128,128.0567932
강원도 원주시 소초면 흥양리 1742,37.3816452,127.9738388
강원도 원주시 소초면 학곡리 181-5,37.429512,128.05896
강원도 원주시 소초면 장양리 62-72,37.3791885,127.9800186
강원도 원주시 소초면 교항1리 980-6,37.4322777,128.0099182
강원도 원주시 호저면 주산리 188-3,37.4027977,127.9317627
강원도 원주시 호저면 무장리 793-5,37.3995819,127.8918915
강원도 원주시 지정면 간현리 1050,37.3649101,127.8358917
강원도 원주시 지정면 간현리 879-4,37.3636284,127.837265
강원도 원주시 지정면 간현리 1031,37.3634682,127.8346176
강원도 원주시 부론면 정산리 1160-10,37.1750526,127.7733459
강원도 원주시 부론면 법천리 1449-1,37.2080154,127.7501907
강원도 원주시 부론면 단강리 500-6,37.1548996,127.8207855
강원도 원주시 부론면 단강리 1461,37.1470947,127.7982864
강원도 원주시 귀래면 용암리 72-91,37.1609688,127.8352737
강원도 원주시 흥업면 매지리 1141-1,37.2707596,127.9053726
강원도 원주시 흥업면 사제리 1249-2,37.331501,127.8863449
강원도 원주시 흥업면 사제리 1510,37.3373871,127.8782272
강원도 원주시 판부면 금대리 산95-12,37.2632217,128.0302582
강원도 원주시 판부면 서곡8리 1987-1,37.3218269,127.9414597
강원도 원주시 판부면 서곡리 145,37.3055382,127.9334717
강원도 원주시 신림면 성남리 535,37.2657967,128.0838013
강원도 원주시 신림면 황둔리 1538-4,37.2503471,128.1413574
강원도 원주시 중앙동 329-9,37.354454,127.9479523
강원도 원주시 중앙동 655-3,37.3604355,127.9435883
강원도 원주시 중앙동 315-2,37.3547287,127.9464798
강원도 원주시 명륜1동 205-66,37.3403664,127.9427338
강원도 원주시 원인동 18,37.3445396,127.9514313
강원도 원주시 개운동 84-23,37.342598,127.9593735
강원도 원주시 개운동 475,37.3369598,127.9616623
강원도 원주시 개운동 50-1,37.3403969,127.9615707
강원도 원주시 명륜1동 49-35,37.3439064,127.9517365
강원도 원주시 명륜1동 245-1,37.3362045,127.9492798
강원도 원주시 명륜1동 258-4,37.3392296,127.9511261
강원도 원주시 명륜2동 480,37.3315697,127.9461441
강원도 원주시 명륜2동 824-20,37.3292427,127.9431305
강원도 원주시 명륜2동 822-4,37.3292923,127.9446869
강원도 원주시 단구동 74-78,37.3235016,127.9661484
강원도 원주시 단구동 1065-11,37.3327713,127.9544449
강원도 원주시 단구동 1520-1,37.3263626,127.9482651
강원도 원주시 단구동 200-2,37.3301086,127.9607086
강원도 원주시 일산동 154-165,37.3463745,127.9438934
강원도 원주시 일산동 282-24,37.3472595,127.9415359
강원도 원주시 학성동 1222,37.3598824,127.9403992
강원도 원주시 학성동 1005-6,37.3547363,127.9422379
강원도 원주시 학성동 1260,37.3534431,127.9393158
강원도 원주시 학성동 1035-5,37.3543625,127.9430466
강원도 원주시 학성동 242-44,37.3521919,127.9429474
강원도 원주시 학성동 978-23,37.3570061,127.9381943
강원도 원주시 단계동 55-5,37.359787,127.9366455
강원도 원주시 단계동 128-44,37.3553886,127.9345398
강원도 원주시 우산동 280,37.3708916,127.9340591
강원도 원주시 우산동 821,37.3720093,127.9397354
강원도 원주시 우산동 154-1,37.3621254,127.938652
강원도 원주시 태장1동 689-2,37.3607483,127.9559097
강원도 원주시 태장1동 1329-45,37.3574028,127.9577942
강원도 원주시 태장2동 1371,37.3855972,127.9513931
강원도 원주시 태장2동 2712,37.3839493,127.9557037
강원도 원주시 태장2동 260-3,37.396431,127.9386902
강원도 원주시 봉산동 1017-3,37.3523293,127.9560394
강원도 원주시 봉산동 966-2,37.3473778,127.965332
강원도 원주시 봉산동 1050-39,37.3510742,127.9556808
강원도 원주시 행구동 1048-10,37.3434868,127.9981842
강원도 원주시 행구동 1035,37.3434868,128.0017395
강원도 원주시 무실동 1641-6,37.3367653,127.9271927
강원도 원주시 무실동 1656-8,37.3339005,127.9243164
강원도 원주시 반곡관설동 1720-11,37.3165245,127.9630127
강원도 원주시 반곡관설동 1705-1,37.3178139,127.9639282
강원도 원주시 반곡관설동 598-2,37.3068237,127.9823608
강원도 원주시 반곡관설동 829-28,37.3017845,127.9795303
강원도 원주시 귀래면 귀래리 254-13,37.2232132,127.8944016
강원도 원주시 신림면 신림리 948,37.2455254,128.0876007
강원도 원주시 학성동 1072-7,37.3557472,127.9378357
강원도 원주시 태장1동 812-10,37.3610497,127.9519653
강원도 원주시 무실동 1891-1,37.327137,127.9290085
강원도 원주시 무실동 1841,37.3317719,127.9300766
강원도 원주시 무실동 1846-2,37.3325348,127.9289551
강원도 원주시 무실동 1789,37.3358078,127.9329224
강원도 원주시 행구동 1054-1,37.3435822,127.9957886
강원도 원주시 행구동 1054-1,37.3423462,127.9962082
강원도 원주시 행구동 1054-1,37.3420677,127.9970703
강원도 원주시 행구동 1054-1,37.3407669,127.9968796
강원도 원주시 행구동 1054-1,37.3415756,127.9954147
강원도 원주시 반곡관설동 1751-3,37.3171196,127.95961
강원도 원주시 반곡관설동 1751-3,37.318531,127.9584808
강원도 원주시 반곡관설동 1751-3,37.3190117,127.9586945
강원도 원주시 단계동 854,37.3461723,127.931778
강원도 원주시 단계동 854,37.3470688,127.931015
강원도 원주시 무실동 1826,37.3329201,127.9321365
강원도 원주시 무실동 1826,37.3337555,127.9323349
강원도 원주시 호저면 만종리 1250-1,37.3610497,127.916626
강원도 원주시 호저면 만종리 1250-1,37.3610497,127.916626
강원도 원주시 무실동 남원주IC 진입로,37.3234329,127.9221954
강원도 원주시 무실동 남원주IC 진입로,37.3234329,127.9221954
강원도 원주시 지정면 보통리 242-32,37.3374825,127.8719635
강원도 원주시 지정면 보통리 242-32,37.3374825,127.8719635
강원도 원주시 귀래면 운남리 556-24,37.163372,127.8834076
강원도 원주시 호저면 광격리 산104-2,37.4647293,127.9434128
강원도 원주시 호저면 매호리 636-2,37.4101105,127.8705673
강원도 원주시 소초면 둔둔리 643,37.4575958,127.9787674
강원도 원주시 지정면 안창리 627-3,37.3528748,127.7990723
강원도 원주시 부론면 흥호리 595-2,37.2425232,127.7582703
강원도 원주시 귀래면 용암리 871-4,37.1550713,127.82901
강원도 원주시 호저면 주산1리 731-9,37.4246483,127.9216003
강원도 원주시 소초면 둔둔리 984-2,37.4458847,127.9781189
강원도 원주시 소초면 둔둔리 984-3,37.4458847,127.9781189
강원도 원주시 신림면 용암리 1030,37.2150917,128.0907745
강원도 원주시 소초면 학곡리 643,37.439209,128.0604553
강원도 원주시 태장2동 원주IC 진입로,37.3977013,127.9510727
강원도 원주시 태장2동 원주IC 진입로,37.3977013,127.9510727
강원도 원주시 부론면 법천리 1574-5,37.2063141,127.7477036
강원도 원주시 흥업면 매지리 1152-2,37.2686272,127.9044266
강원도 원주시 흥업면 매지리 1152-2,37.2686272,127.9044266
강원도 원주시 문막읍 반계리 산111-2,37.277977,127.769722
강원도 원주시 문막읍 반계리 산111-2,37.277977,127.769722
강원도 원주시 문막읍 문막리 316-12,37.3064384,127.8145218
강원도 원주시 문막읍 문막리 316-12,37.3064384,127.8145218
강원도 원주시 문막읍 후용리 498-7,37.2670097,127.7977066
강원도 원주시 문막읍 후용리 498-7,37.2670097,127.7977066
강원도 원주시 문막읍 비두리 1953-3,37.2337379,127.8467331
강원도 원주시 문막읍 비두리 1953-3,37.2337379,127.8467331
강원도 원주시 문막읍 동화리 1538-3,37.3244934,127.830986
강원도 원주시 문막읍 문막리 884,37.3053856,127.8175735
강원도 원주시 문막읍 건등리 1079-9,37.3264046,127.8049927
강원도 원주시 소초면 평장리 382,37.4109459,128.0073395
강원도 원주시 소초면 장양리 1258-3,37.4131851,127.9465408
강원도 원주시 소초면 평장리 689,37.4124985,127.9963837
강원도 원주시 소초면 흥양리 265,37.3645859,128.0078583
강원도 원주시 호저면 만종리 661-9,37.3530083,127.899292
강원도 원주시 호저면 옥산리 617-6,37.4304047,127.9302139
강원도 원주시 지정면 판대리 376-2,37.388485,127.7862701
강원도 원주시 지정면 안창리 399-5,37.3409004,127.8207169
강원도 원주시 지정면 신평리 193-9,37.3600311,127.8982468
강원도 원주시 부론면 손곡리 1369-1,37.2280426,127.7863541
강원도 원주시 귀래면 운남리 555-2,37.1700439,127.8845062
강원도 원주시 흥업면 매지리 1924,37.2801132,127.9107666
강원도 원주시 흥업면 대안리 1036-3,37.2976379,127.8855057
강원도 원주시 흥업면 매지리 1724-6,37.2582817,127.9024353
강원도 원주시 흥업면 매지리 1238-8,37.2753372,127.9067459
강원도 원주시 판부면 서곡리 1213-2,37.2930107,127.940361
강원도 원주시 판부면 서곡리 739-3,37.3087006,127.9283447
강원도 원주시 신림면 신림리 165-3,37.2389641,128.0884094
강원도 원주시 중앙동 327-9,37.3532372,127.9476929
강원도 원주시 학성동 646-2,37.3615532,127.9444427
강원도 원주시 중앙동 707-3,37.3647156,127.94767
강원도 원주시 원인동 242-1,37.346344,127.9537964
강원도 원주시 원인동 166-6,37.3407097,127.9442062
강원도 원주시 원인동 148-4,37.3456497,127.952446
강원도 원주시 개운동 283-6,37.3367805,127.9509048
강원도 원주시 개운동 278-2,37.3409729,127.9543152
강원도 원주시 개운동 262-4,37.3361206,127.9545364
강원도 원주시 명륜1동 205-151,37.3407097,127.9472046
강원도 원주시 명륜1동 308-4,37.3403702,127.9398117
강원도 원주시 명륜1동 137-1,37.3418655,127.9508514
강원도 원주시 명륜2동 425,37.333786,127.9438629
강원도 원주시 명륜2동 818-6,37.3300514,127.9436798
강원도 원주시 명륜2동 824-2,37.3298225,127.9430161
강원도 원주시 명륜2동 820-6,37.3297615,127.9445572
강원도 원주시 단구동 74-112,37.3237839,127.9654465
강원도 원주시 단구동 1572-10,37.3218765,127.9479523
강원도 원주시 단구동 1453-22,37.3307944,127.9552155
강원도 원주시 단구동 1610-8,37.3257256,127.9547348
강원도 원주시 단구동 1580-4,37.3231163,127.9490433
강원도 원주시 단구동 33-2,37.3206253,127.9677353
강원도 원주시 단구동 1544-11,37.3237572,127.9428253
강원도 원주시 단구동 143-46,37.3249779,127.9602432
강원도 원주시 단구동 1588-3,37.3216209,127.9516983
강원도 원주시 단구동 495-4,37.3369408,127.9562378
강원도 원주시 단구동 1523-4,37.3276863,127.9452438
강원도 원주시 일산동 187-5,37.350605,127.9437714
강원도 원주시 일산동 341-89,37.3434334,127.9402237
강원도 원주시 일산동 341-102,37.3444939,127.9419174
강원도 원주시 학성동 962-6,37.3574257,127.9417801
강원도 원주시 학성동 470-8,37.3562775,127.9436646
강원도 원주시 단계동 788-1,37.3467865,127.9362793
강원도 원주시 단계동 57-4,37.3598862,127.9380417
강원도 원주시 단계동 820-11,37.3488312,127.9297943
강원도 원주시 단계동 100-7,37.3579521,127.9352646
강원도 원주시 단계동 150-8,37.3570938,127.9343491
강원도 원주시 우산동 207-3,37.3652534,127.9356842
강원도 원주시 우산동 240-8,37.3671989,127.9338837
강원도 원주시 우산동 95-8,37.3647156,127.9391861
강원도 원주시 태장1동 790,37.3576088,127.9537582
강원도 원주시 태장1동 807-46,37.3593178,127.9525833
강원도 원주시 태장1동 129-50,37.3638306,127.9613876
강원도 원주시 태장1동 692-6,37.3607674,127.9544449
강원도 원주시 태장2동 950-6,37.3737564,127.9513702
강원도 원주시 태장2동 2366,37.399044,127.9489594
강원도 원주시 태장2동 934-12,37.3724251,127.9511719
강원도 원주시 태장2동 1358-5,37.3872299,127.9523773
강원도 원주시 태장2동 1378-10,37.3841095,127.9490433
강원도 원주시 봉산동 1188,37.3436356,127.9650269
강원도 원주시 봉산동 901-18,37.344635,127.9601212
강원도 원주시 봉산동 836-1,37.3428192,127.9677124
강원도 원주시 행구동 930-1,37.336689,127.9989471
강원도 원주시 행구동 1061-18,37.3437462,127.9942093
강원도 원주시 행구동 1699-5,37.3398933,127.9745636
강원도 원주시 행구동 1827-5,37.3495979,127.9981613
강원도 원주시 무실동 920,37.3398476,127.9324417
강원도 원주시 무실동 927-7,37.338604,127.9332047
강원도 원주시 무실동 1786-17,37.3364944,127.9326706
강원도 원주시 무실동 1730-7,37.338726,127.928093
강원도 원주시 무실동 881-15,37.3437424,127.9289932
강원도 원주시 반곡관설동 1735-16,37.3179474,127.9611053
강원도 원주시 반곡관설동 1129,37.3190002,127.9734879
강원도 원주시 반곡관설동 685-2,37.3168602,127.9866409
강원도 원주시 반곡관설동 1767-95,37.3324242,127.9624863
강원도 원주시 호저면 무장리 84,37.4202538,127.8983612
강원도 원주시 호저면 무장리 84,37.4202538,127.8983612
강원도 원주시 귀래면 운남리 854-1,37.16185,127.8836136
강원도 원주시 흥업면 매지리 405-1,37.2839813,127.9121857
강원도 원주시 명륜2동 849-6,37.3259201,127.9362717
강원도 원주시 단구동 산 87,37.3234558,127.9535065
강원도 원주시 학성동 1066,37.3521729,127.9351807
강원도 원주시 무실동 1764,37.3397942,127.9194183
강원도 원주시 무실동 1764,37.3397903,127.9194946
강원도 원주시 문막읍 동화리 1474,37.3411217,127.8531799
강원도 원주시 소초면 장양리 353-5,37.4008675,127.967598
강원도 원주시 지정면 안창리 183-2,37.3516121,127.8295364
강원도 원주시 부론면 법천리 1451-2,37.2112808,127.750473
강원도 원주시 귀래면 운계리 1329,37.184124,127.8852081
강원도 원주시 흥업면 사제리 1417-1,37.3444214,127.8799438
강원도 원주시 흥업면 흥업리 557-8,37.2987099,127.9193115
강원도 원주시 판부면 서곡리 2028-19,37.3201828,127.9476776
강원도 원주시 신림면 용암리 1108-1,37.2104454,128.0854492
강원도 원주시 중앙동 560,37.3582497,127.9483871
강원도 원주시 개운동 203,37.3382645,127.9618683
강원도 원주시 명륜1동 12,37.3437691,127.9544449
강원도 원주시 명륜2동 851-16,37.3283501,127.943779
강원도 원주시 단구동 695-48,37.3267708,127.9569244
강원도 원주시 단구동 1591-65,37.3224411,127.9552994
강원도 원주시 일산동 91-4,37.348896,127.9480896
강원도 원주시 학성동 1024-2,37.35569,127.9387436
강원도 원주시 단계동 805,37.3447037,127.9366302
강원도 원주시 우산동 214-3,37.3654594,127.9326706
강원도 원주시 태장1동 1331,37.3553925,127.9646454
강원도 원주시 태장2동 1307-6,37.3771744,127.9482346
강원도 원주시 봉산동 1202,37.3427238,127.9639893
강원도 원주시 행구동 147-4,37.3408318,128.0066223
강원도 원주시 무실동 1856,37.3323822,127.9272079
강원도 원주시 반곡관설동 1665,37.3207741,127.9608917
강원도 원주시 단구동 695-39,37.3273354,127.9575653
강원도 원주시 태장2동 산36,37.3779488,127.9672546
강원도 원주시 신림면 황둔리 373-2,37.2603912,128.1866302
강원도 원주시 부론면 단강리 750-3,37.1463242,127.7973709
강원도 원주시 문막읍 반계리 1104-3,37.2921295,127.7901993
강원도 원주시 귀래면 귀래리 536-10,37.2196884,127.8694305
강원도 원주시 태장2동 981-4,37.3751259,127.9512177
강원도 원주시 반곡관설동 1284-2,37.3094788,127.9754868
강원도 원주시 무실동 1912,37.3285942,127.927124
강원도 원주시 무실동 1808,37.3312798,127.9352417
강원도 원주시 무실동 1778,37.3374977,127.9312897
강원도 원주시 무실동 1868-4,37.327137,127.9311447
강원도 원주시 태장2동 산54-9,37.3800621,127.9510727
강원도 원주시 단구동 산85,37.3254509,127.9544144
강원도 원주시 단구동 산85,37.3252373,127.9544983
강원도 원주시 단구동 산85,37.3243561,127.9550858
강원도 원주시 단계동 1200-1,37.3542328,127.9172592
강원도 원주시 흥업면 흥업리 1840,37.3002472,127.9202042
강원도 원주시 흥업면 흥업리 1836,37.3006439,127.9208221
강원도 원주시 문막읍 건등리 1718,37.3117752,127.8171082
강원도 원주시 문막읍 건등리 1725,37.3134575,127.82164
강원도 원주시 소초면 수암리 1646,37.388382,127.9678497
강원도 원주시 소초면 장양리 산76-19,37.4127846,127.9749756
강원도 원주시 호저면 무장리 712-2,37.3934555,127.8934021
강원도 원주시 지정면 간현리 1228,37.3445358,127.8441544
강원도 원주시 지정면 간현리 1111,37.3486023,127.8512039
강원도 원주시 부론면 법천리 1404-2,37.2069588,127.7521286
강원도 원주시 부론면 손곡리 314-3,37.2212906,127.8135757
강원도 원주시 귀래면 귀래리 242-2,37.2225838,127.8954926
강원도 원주시 귀래면 주포리 246-3,37.1648102,127.869133
강원도 원주시 흥업면 흥업리 85-1,37.3013344,127.9229431
강원도 원주시 판부면 서곡리 419-11,37.3230591,127.9374542
강원도 원주시 신림면 용암리 1017,37.2039757,128.099762
강원도 원주시 신림면 구학리 252-3,37.2107048,128.0586243
강원도 원주시 중앙동 134-1,37.3510628,127.952713
강원도 원주시 원인동 38-16,37.3458366,127.9545364
강원도 원주시 개운동 428,37.3421135,127.9601669
강원도 원주시 명륜1동 303-45,37.341568,127.9544144
강원도 원주시 명륜2동 851-22,37.3259239,127.9406509
강원도 원주시 명륜2동 851-16,37.3275337,127.9431076
강원도 원주시 단구동 1591-51,37.3215065,127.9492798
강원도 원주시 단구동 1660,37.3209839,127.9580765
강원도 원주시 일산동 244-1,37.3516388,127.9404907
강원도 원주시 일산동 360,37.3449402,127.9438095
강원도 원주시 학성동 971-3,37.3577118,127.9377136
강원도 원주시 학성동 1031-1,37.354908,127.9375305
강원도 원주시 단계동 506-2,37.3567848,127.9281845
강원도 원주시 우산동 197-11,37.364357,127.9361801
강원도 원주시 태장1동 1346-9,37.3615685,127.951416
강원도 원주시 태장1동 1331,37.3551178,127.9601212
강원도 원주시 태장2동 66-7,37.3858643,127.9459534
강원도 원주시 태장2동 1166-5,37.386898,127.9538498
강원도 원주시 봉산동 902-18,37.3444519,127.9622498
강원도 원주시 봉산동 1180,37.3486595,127.9584732
강원도 원주시 행구동 1768-1,37.3454742,127.9758606
강원도 원주시 무실동 1870,37.3267632,127.9331665
강원도 원주시 단계동 1054,37.3371544,127.9335785
강원도 원주시 무실동 1255-1,37.3334694,127.919136
강원도 원주시 반곡관설동 1741-107,37.327095,127.9642944
강원도 원주시 반곡관설동 323-15,37.3022499,127.9825287
강원도 원주시 문막읍 건등리 1542-1,37.3169785,127.812561
강원도 원주시 문막읍 건등리 1738,37.3124733,127.8163757
강원도 원주시 문막읍 반계리 381-1,37.2894211,127.7867126
강원도 원주시 문막읍 문막리 270-2,37.305378,127.8162918
강원도 원주시 문막읍 취병리 896-19,37.3096504,127.8000488
강원도 원주시 소초면 흥양리 1772-57,37.3795815,128.0027008
강원도 원주시 소초면 장양3리 138-1,37.4153824,127.9667282
강원도 원주시 호저면 만종리 1250-1,37.3610687,127.9164352
강원도 원주시 호저면 만종리 920-1,37.3441925,127.897522
강원도 원주시 지정면 신평리 362-4,37.3693657,127.8952408
강원도 원주시 지정면 가곡리 1149,37.3634033,127.8630219
강원도 원주시 지정면 간현리 797-3,37.3645973,127.8379822
강원도 원주시 지정면 가곡리 814-15,37.3547935,127.8697433
강원도 원주시 지정면 신평리 225-3,37.366169,127.8969193
강원도 원주시 부론면 단강리 1443-3,37.1559258,127.7851944
강원도 원주시 부론면 손곡리 987-4,37.2345276,127.7961349
강원도 원주시 귀래면 운계리 810-3,37.1877022,127.8838654
강원도 원주시 귀래면 용암리 572-4,37.1572227,127.8427734
강원도 원주시 귀래면 운남리 95-1,37.1776962,127.9232941
강원도 원주시 흥업면 흥업리 1737-2,37.3051949,127.9118271
강원도 원주시 흥업면 흥업리 563-5,37.296936,127.917244
강원도 원주시 흥업면 매지리 산84-4,37.2582817,127.9077835
강원도 원주시 판부면 서곡리 1615-6,37.2837982,127.9407349
강원도 원주시 판부면 금대리  585-1,37.2743683,128.0127258
강원도 원주시 판부면 금대리  585-1,37.2741928,128.0104675
강원도 원주시 신림면 신림리 464-3,37.2347069,128.0696716
강원도 원주시 신림면 신림리 543-34,37.2305565,128.0821075
강원도 원주시 신림면 성남리 262-3,37.2557755,128.0823669
강원도 원주시 중앙동,37.3519859,127.9519043
강원도 원주시 중앙동 (평원동) 49,37.3504486,127.9537277
강원도 원주시 중앙동 (학성동) 410,37.3571968,127.9467926
강원도 원주시 중앙동 (평원동) 252-11,37.3517227,127.9527969
강원도 원주시 원인동 113-1,37.3420334,127.9472198
강원도 원주시 개운동 447-18,37.3308029,127.9507675
강원도 원주시 개운동 407,37.3390236,127.9570618
강원도 원주시 개운동 550,37.3378601,127.9591522
강원도 원주시 명륜1동 123-2,37.3402863,127.9511337
강원도 원주시 명륜1동 237-18,37.3382454,127.948555
강원도 원주시 명륜1동 264-4,37.3385277,127.9513855
강원도 원주시 명륜2동 825-17,37.3287354,127.9425354
강원도 원주시 명륜2동 532,37.3324203,127.94664
강원도 원주시 명륜2동 620-2,37.3313293,127.9425964
강원도 원주시 단구동 1064-4,37.3327332,127.9533081
강원도 원주시 단구동 690-7,37.3276253,127.9582825
강원도 원주시 단구동 148-36,37.3262939,127.9615936
강원도 원주시 단구동 1591-47,37.3219643,127.9442368
강원도 원주시 단구동 1437-45,37.3264542,127.958519
강원도 원주시 단구동 576,37.3313103,127.9557495
강원도 원주시 일산동,37.3506279,127.9473801
강원도 원주시 일산동,37.3470573,127.9461899
강원도 원주시 일산동,37.3501511,127.9384232
강원도 원주시 학성동 1016-66,37.3556519,127.940567
강원도 원주시 단계동,37.3582878,127.9347153
강원도 원주시 단계동,37.3491745,127.9240341
강원도 원주시 단계동 1137,37.3495941,127.9279175
강원도 원주시 단계동,37.3486671,127.9280167
강원도 원주시 단계동 509-7,37.3566933,127.9303436
강원도 원주시 우산동 (가현동) 443-3,37.3915024,127.9320679
강원도 원주시 우산동 333-24,37.3721886,127.9386673
강원도 원주시 태장2동 1002,37.3766289,127.9503632
강원도 원주시 태장2동 1002,37.3773232,127.9508514
강원도 원주시 태장2동 1430,37.3826141,127.9491348
강원도 원주시 태장2동 1432,37.3827209,127.9480209
강원도 원주시 봉산동 1110-5,37.3489075,127.9594803
강원도 원주시 봉산동 607-3,37.3554039,127.9761581
강원도 원주시 행구동 1267-5,37.3482475,127.9910812
강원도 원주시 행구동 249-3,37.3475761,128.0053711
강원도 원주시 무실동 1127-8,37.3264999,127.9202271
강원도 원주시 무실동 1868-5,37.3293343,127.9288025
강원도 원주시 무실동 916-8,37.3398857,127.9332733
강원도 원주시 무실동 (단계동) 929-14,37.3391457,127.9329758
강원도 원주시 무실동,37.3345222,127.9215317
강원도 원주시 반곡관설동,37.3071136,127.9851761
강원도 원주시 반곡관설동 1574-1,37.3127251,127.9630051
강원도 원주시 반곡관설동 1464-18,37.3219681,127.9623566
강원도 원주시 반곡관설동 678-6,37.3050461,127.9775543
강원도 원주시 반곡관설동 678-6,37.2969398,127.9891205
강원도 원주시 단계동 1104,37.348362,127.9267578
강원도 원주시 태장2동 473-4,37.3866234,127.9572067
강원도 원주시 흥업면 매지리 186-2,37.280014,127.9210281
강원도 원주시 문막읍 취병리 47-35,37.3008041,127.8016205
강원도 원주시 소초면 의관1리 220-1,37.4354286,127.97715
강원도 원주시 소초면 둔둔리 31-1,37.4482918,127.9900665
강원도 원주시 호저면 만종리 215-1,37.3665924,127.9147491
강원도 원주시 호저면 만종리 659-20,37.3521729,127.89991
강원도 원주시 지정면 안창리 796-1,37.3626175,127.7781906
강원도 원주시 부론면 법천리 1503-1,37.2122421,127.7505722
강원도 원주시 부론면 손곡리 875-3,37.221096,127.8002396
강원도 원주시 귀래면 주포리 379-2,37.1605225,127.852478
강원도 원주시 귀래면 주포리 305-3,37.1637001,127.8663025
강원도 원주시 흥업면 사제리 1055-4,37.3133926,127.8854446
강원도 원주시 흥업면 대안리 1752,37.2719917,127.8782883
강원도 원주시 신림면 금창리 721,37.2383003,128.0420532
강원도 원주시 신림면 송계리 803-3,37.2620163,128.1941681
강원도 원주시 학성동 360-9,37.3554993,127.9471664
강원도 원주시 개운동 453,37.3317528,127.950798
강원도 원주시 개운동 444-1,37.3324928,127.9523697
강원도 원주시 명륜2동,37.3384666,127.9489594
강원도 원주시 단구동 1625-15,37.3229485,127.9576645
강원도 원주시 단구동 587-1,37.3290558,127.9563599
강원도 원주시 일산동 228-1,37.3499718,127.9416962
강원도 원주시 일산동,37.3526764,127.946373
강원도 원주시 학성동 1065-2,37.3526611,127.9371567
강원도 원주시 학성동 1038-17,37.3537865,127.9417572
강원도 원주시 단계동 964,37.3490105,127.9313583
강원도 원주시 단계동 100-4,37.3573914,127.9349442
강원도 원주시 단계동 1086-1,37.3561821,127.9354858
강원도 원주시 우산동 301-7,37.366394,127.9396286
강원도 원주시 우산동 405-45,37.3824921,127.9407501
강원도 원주시 태장1동 819-34,37.3601303,127.9517822
강원도 원주시 태장1동 717-4,37.3592567,127.9589386
강원도 원주시 태장2동 2683,37.3832245,127.9469833
강원도 원주시 행구동 389-3,37.3587761,128.0060577
강원도 원주시 행구동 1836-51,37.3358154,127.9964905
강원도 원주시 무실동 826-2,37.3133621,127.9245987
강원도 원주시 무실동 818,37.3117218,127.9240265
강원도 원주시 반곡관설동,37.3306809,127.999321
강원도 원주시 반곡관설동,37.3343773,127.9672165
강원도 원주시 판부면 서곡리 1993,37.3201981,127.942627
강원도 원주시 문막읍 동화리 1002-3,37.33424,127.8336411
강원도 원주시 문막읍 동화리 1002-3,37.3342476,127.8335724
강원도 원주시 지정면 안창리 240,37.3526764,127.8257523
강원도 원주시 원인동 7-1,37.3431053,127.9478912
강원도 원주시 명륜1동 851-2,37.3308411,127.9457092
강원도 원주시 단구동 627-62,37.3289719,127.9587631
강원도 원주시 단구동 187-17,37.3290901,127.9607391
강원도 원주시 우산동 94-1,37.3655434,127.9394302
강원도 원주시 우산동 747-5,37.3661575,127.9327545
강원도 원주시 태장2동 1183-9,37.3874741,127.9510727
강원도 원주시 우산동 428-35,37.3830528,127.9405518
강원도 원주시 호저면 옥산리 우무개로 45-25,37.4295769,127.9221344
강원도 원주시 호저면 산현리 630,37.435833,127.8889694
강원도 원주시 문막읍 문막리 323-7,37.3069496,127.8123474
강원도 원주시 원인동 25-4,37.3471565,127.9548874
강원도 원주시 중앙동 62-62,37.3507347,127.9487839
강원도 원주시 중앙동 62-62,37.3507347,127.9487839
강원도 원주시 중앙동 62-62,37.3507347,127.9487839
강원도 원주시 중앙동 62-62,37.3507347,127.9487839
강원도 원주시 중앙동 62-62,37.3507347,127.9487839
강원도 원주시 중앙동 62-62,37.3507347,127.9487839
강원도 원주시 중앙동 62-62,37.3507347,127.9487839
강원도 원주시 중앙동 62-62,37.3507347,127.9487839
강원도 원주시 중앙동 62-62,37.3507347,127.9487839
강원도 원주시 중앙동 62-62,37.3507347,127.9487839
강원도 원주시 중앙동 62-62,37.3507347,127.9487839
강원도 원주시 중앙동 62-62,37.3507347,127.9487839
강원도 원주시 중앙동 62-62,37.3507347,127.9487839
강원도 원주시 중앙동 62-62,37.3507347,127.9487839
강원도 원주시 중앙동 62-62,37.3507347,127.9487839
강원도 원주시 중앙동 62-62,37.3507347,127.9487839
강원도 원주시 중앙동 62-62,37.3507347,127.9487839
강원도 원주시 중앙동 62-62,37.3507347,127.9487839
강원도 원주시 중앙동 62-62,37.3507347,127.9487839
강원도 원주시 중앙동 62-62,37.3507347,127.9487839
강원도 원주시 중앙동 62-62,37.3507347,127.9487839
강원도 원주시 중앙동 62-62,37.3507347,127.9487839
강원도 원주시 중앙동 62-62,37.3507347,127.9487839
강원도 원주시 중앙동 62-62,37.3507347,127.9487839
강원도 원주시 중앙동 62-62,37.3507347,127.9487839
강원도 원주시 중앙동 62-62,37.3507347,127.9487839
강원도 원주시 중앙동 62-62,37.3507347,127.9487839
강원도 원주시 중앙동 62-62,37.3507347,127.9487839
강원도 원주시 중앙동 62-62,37.3507347,127.9487839
강원도 원주시 중앙동 62-62,37.3507347,127.9487839
강원도 원주시 중앙동 62-62,37.3507347,127.9487839
강원도 원주시 문막읍 동화리 산166-2,37.3267212,127.8250809
강원도 원주시 호저면 만종리 산50,37.3461189,127.9162292
강원도 원주시 호저면 주산리 산120-2,37.4051895,127.9128723
강원도 원주시 신림면 성남리 48,37.2466812,128.1003113
강원도 원주시 단구동 1515-6,37.330204,127.9493484
강원도 원주시 단구동 447-9,37.3306808,127.9495926
강원도 원주시 개운동 381-10,37.3428192,127.955297
강원도 원주시 원인동 222-11,37.3465729,127.9530411
강원도 원주시 무실동 1641-11,37.3358498,127.9278259
강원도 원주시 우산동 234-3,37.3676414,127.9365768
강원도 원주시 단구동 1515-12,37.3310127,127.9480133
강원도 원주시 원인동 362,37.3472519,127.9485626
강원도 원주시 원인동 256-12,37.3460541,127.9467316
강원도 원주시 태장2동 1380-14,37.3843651,127.9475784
강원도 원주시 태장2동 1365-4,37.3862991,127.9481659
강원도 원주시 명륜2동 528,37.3338432,127.9429703
강원도 원주시 단구동 1515-7,37.3298416,127.9488602
강원도 원주시 무실동 1641-8,37.336998,127.9273834
강원도 원주시 무실동 1642-3,37.3361588,127.9292908
강원도 원주시 단구동 878-1,37.3236465,127.9587555
강원도 원주시 원인동 1619-4,37.345108,127.9541473
강원도 원주시 단구동 1026-8,37.3293915,127.950386
강원도 원주시 반곡관설동 1494-12,37.3206329,127.9647217
강원도 원주시 중앙동 115,37.3490906,127.949585
강원도 원주시 중앙동 28-9,37.3512459,127.9476929
강원도 원주시 일산동 20-2,37.347908,127.9490585
강원도 원주시 중앙동 310-16,37.3503265,127.951683
강원도 원주시 중앙동 184-3,37.3525734,127.9496536
강원도 원주시 일산동 126-9,37.3480034,127.9513245
강원도 원주시 중앙동 60-13,37.350029,127.9485397
강원도 원주시 학성동 290-16,37.355278,127.9445267
강원도 원주시 단계동 838-7,37.3478241,127.9305954
강원도 원주시 단계동 853-5,37.3453979,127.9316559
강원도 원주시 문막읍 동화리 1543,37.3262444,127.8294983
강원도 원주시 중앙동 105-2,37.3497086,127.9507217
강원도 원주시 단계동 878-1,37.3442307,127.9314651
강원도 원주시 학성동 311-23,37.3535576,127.9460144
강원도 원주시 중앙동 151-5,37.3488808,127.9527283
강원도 원주시 중앙동 45,37.3512154,127.9505234
강원도 원주시 중앙동 19-2,37.3515091,127.9490967
강원도 원주시 단계동 1160,37.3455544,127.9269257
강원도 원주시 단구동 1631-1,37.3231125,127.9571533
강원도 원주시 반곡관설동 1963-5,37.3314438,127.9904709
강원도 원주시 반곡관설동 1901-1,37.327198,127.985405
강원도 원주시 반곡관설동 1903-5,37.3276901,127.9874039
강원도 원주시 반곡관설동 1880-7,37.3253441,127.9821014
강원도 원주시 반곡관설동 1984-6,37.3240891,127.9874496
강원도 원주시 반곡관설동 2047-9,37.3232498,127.9796066
강원도 원주시 무실동 33-6,37.3341904,127.9317169
강원도 원주시 무실동 1852-4,37.3331032,127.930481
강원도 원주시 무실동 1842-5,37.3308487,127.9287262
강원도 원주시 명륜1동 307-40,37.341465,127.9405365
강원도 원주시 봉산동 1198-7,37.3421568,127.966011
강원도 원주시 우산동 818,37.3619118,127.9328537
강원도 원주시 단계동 1121-3,37.3464279,127.9273376
강원도 원주시 반곡관설동 1713-1,37.3167419,127.9674149
강원도 원주시 개운동 285-7,37.3389435,127.9521027
강원도 원주시 명륜1동 341,37.335701,127.9494095
강원도 원주시 명륜1동 279-11,37.3377724,127.9512482
강원도 원주시 명륜1동 303-13,37.3407745,127.9531708
강원도 원주시 단계동 881,37.3441238,127.929184
강원도 원주시 지정면 간현리 878-3,37.363224,127.837616
강원도 원주시 무실동 1784-1,37.3375206,127.9326859
강원도 원주시 명륜2동 850,37.3278351,127.9399033
강원도 원주시 개운동 453,37.3318977,127.9491043
강원도 원주시 문막읍 건등리 322-7,37.3189392,127.830925
강원도 원주시 반곡관설동 1901-6,37.32658,127.9865952
강원도 원주시 반곡관설동 2047-10,37.3227844,127.9815292
강원도 원주시 반곡관설동 1882-2,37.3242302,127.9778519
강원도 원주시 태장2동 540-6,37.3834076,127.9576797
강원도 원주시 중앙동 118-1,37.3489914,127.9512558
강원도 원주시 일산동 161-13,37.349102,127.9470673
강원도 원주시 우산동 261-1,37.3700676,127.9354248
강원도 원주시 무실동 1857-8,37.3344688,127.9303513
강원도 원주시 중앙동 188-1,37.3473282,127.9528198
강원도 원주시 단구동 1486-14,37.3184319,127.9696426
강원도 원주시 일산동 233-8,37.3490677,127.9408264
강원도 원주시 학성동 949-11,37.3593025,127.9412689
강원도 원주시 단계동 865-6,37.3462372,127.9286728
강원도 원주시 단계동 855-1,37.347477,127.9321594
강원도 원주시 반곡관설동,37.3248825,127.9897766
강원도 원주시 반곡관설동,37.3196793,127.9750824
강원도 원주시 반곡관설동,37.3230743,127.9818726
강원도 원주시 단구동 1591-64,37.3242874,127.9509201
강원도 원주시 무실동 1682,37.3371506,127.9260406
강원도 원주시 일산동,37.3503799,127.9475784
강원도 원주시 태장2동 1898,37.3990898,127.952507
강원도 원주시 명륜2동 847-2,37.3261108,127.9397583
강원도 원주시 단구동 1577-7,37.3223915,127.9500046
강원도 원주시 무실동 1663-1,37.333992,127.922493
강원도 원주시 개운동 439-1,37.3344345,127.9504929
강원도 원주시 봉산동 1120,37.3466034,127.9584961
강원도 원주시 태장2동 485,37.3854713,127.955864
강원도 원주시 태장2동 1031-11,37.3772621,127.9496841
강원도 원주시 명륜1동 259,37.339283,127.9465866
강원도 원주시 명륜2동 709,37.3329544,127.9391937
강원도 원주시 단구동 982-1,37.3253098,127.9513474
강원도 원주시 개운동 389,37.341404,127.9587402
강원도 원주시 반곡관설동 1450-1,37.3383827,127.9727249
강원도 원주시 반곡관설동 1721-1,37.3172684,127.9627075
강원도 원주시 반곡관설동 625-2,37.3077164,127.977356
강원도 원주시 단구동 106,37.321579,127.9641113
강원도 원주시 무실동 661-1,37.3261528,127.9217224
강원도 원주시 무실동 1716-2,37.3384476,127.920723
강원도 원주시 반곡관설동 1966,37.3329811,127.9921188
강원도 원주시 명륜2동 847-2,37.3270721,127.9388885
강원도 원주시 개운동 389,37.3428993,127.9576035
강원도 원주시 명륜2동 709,37.3320007,127.9401932
강원도 원주시 단구동 1678-2,37.3213272,127.9564133
강원도 원주시 단구동 61-31,37.3220749,127.9663544
강원도 원주시 봉산동 1192-2,37.3425255,127.9652557
강원도 원주시 단계동 94-19,37.3595848,127.9354553
강원도 원주시 봉산동 948-3,37.344223,127.965416
강원도 원주시 태장2동 949-3,37.3735542,127.9505234
강원도 원주시 봉산동 816-2,37.343071,127.9659653
강원도 원주시 태장1동 730-5,37.3558159,127.9570465
강원도 원주시 원인동 85-4,37.3456802,127.9531708
강원도 원주시 태장2동 1370-6,37.3848686,127.9503632
강원도 원주시 단구동 1460-22,37.3287048,127.9539108
강원도 원주시 학성동 159-9,37.3536301,127.951973
강원도 원주시 일산동 278,37.3472328,127.9433136
강원도 원주시 단계동 796,37.3432198,127.9387207
강원도 원주시 단계동 299-2,37.3424454,127.9375992
강원도 원주시 단계동 819,37.3504257,127.9290924
강원도 원주시 학성동 1054-1,37.3527718,127.9409637
강원도 원주시 단계동  93-2,37.3583832,127.9355774
강원도 원주시 호저면 주산리 521,37.411335,127.9255676
강원도 원주시 판부면 서곡리  1082-17,37.2975273,127.9376144
강원도 원주시 문막읍 문막리  1704,37.3128548,127.819725
강원도 원주시 부론면 법천리 1538-1,37.2076416,127.7498093
강원도 원주시 문막읍 비두1리  849,37.2623367,127.833931
강원도 원주시 지정면 신평2리  681-3,37.3844414,127.8915939
강원도 원주시 신림면 황둔리 375-1,37.2607956,128.1869354
강원도 원주시 지정면 간현리  539-1,37.3470306,127.8467941
강원도 원주시 호저면 만종리  610,37.3554039,127.9009018
강원도 원주시 소초면 둔둔리 985-5,37.4459457,127.9782562
강원도 원주시 소초면 학곡리 620,37.4368401,128.0554199
강원도 원주시 신림면 신림리  700-2,37.2299576,128.0784607
강원도 원주시 판부면 금대리  897-3,37.2884064,127.9953079
강원도 원주시 흥업면 매지리 1145,37.2693825,127.9056778
강원도 원주시 귀래면 운남리  947-15,37.1686249,127.884613
강원도 원주시 호저면 산현리  337,37.4255371,127.8939819
강원도 원주시 호저면 고산리  616-11,37.4462967,127.9287338
강원도 원주시 소초면 흥양리 871-4,37.3819237,127.9963989
강원도 원주시 학성동 1260,37.352253,127.9390106
강원도 원주시 소초면 평장리 791-3,37.4173927,128.0033112
강원도 원주시 흥업면 흥업리 1535-5,37.3068199,127.9099045
강원도 원주시 문막읍 반계리 1106-1,37.2922935,127.7911301
강원도 원주시 문막읍 동화리 1539-3,37.3237953,127.830452
강원도 원주시 단계동 573-7,37.3600197,127.9238739
강원도 원주시 문막읍 건등리 1710-7,37.3109818,127.8192368
강원도 원주시 일산동 801-27,37.3424492,127.9406891
강원도 원주시 일산동 114-1,37.3478165,127.9481201
강원도 원주시 학성동 973-18,37.3576775,127.9388733
강원도 원주시 단계동 938,37.3379097,127.9343414
강원도 원주시 중앙동 310-19,37.3501854,127.9523849
강원도 원주시 판부면 서곡리 445-26,37.3221283,127.9365158
강원도 원주시 명륜2동 769-1,37.3358002,127.938858
강원도 원주시 반곡관설동 1964-4,37.3336678,127.9874649
강원도 원주시 반곡관설동 1956-3,37.3307076,127.9900665
강원도 원주시 반곡관설동 1916-4,37.3224869,127.9903641
강원도 원주시 반곡관설동 2042-5,37.3197975,127.9873199
강원도 원주시 반곡관설동 1860-5,37.3253746,127.9769516
강원도 원주시 반곡관설동 1858-4,37.3279228,127.9832306
강원도 원주시 무실동 1863-1,37.3306503,127.9294739
강원도 원주시 행구동 1610-1,37.3434639,127.9796753
강원도 원주시 판부면 서곡리 489-2,37.3150635,127.9410858
강원도 원주시 원인동 308-3,37.3409424,127.9477081
강원도 원주시 단구동 851-2,37.3151894,127.9573822
강원도 원주시 무실동 1715-2,37.3373299,127.919838
강원도 원주시 반곡관설동 1548-7,37.3358879,127.9685211
강원도 원주시 무실동 1809-1,37.3308754,127.9349823
강원도 원주시 무실동 1781-1,37.3378181,127.9318008
강원도 원주시 흥업면 흥업리 580-4,37.3007126,127.9193649
강원도 원주시 반곡관설동 1377,37.3105927,127.9660721
강원도 원주시 학성동 232,37.352993,127.9447327
강원도 원주시 학성동 213-9,37.3536301,127.9475708
강원도 원주시 단계동 603-7,37.3558807,127.9247589
강원도 원주시 우산동 262-2,37.3681183,127.9335022
강원도 원주시 우산동 458-8,37.3821793,127.9380569
강원도 원주시 태장2동 1321-67,37.3846321,127.963295
강원도 원주시 소초면 장양리 791,37.4111252,127.9570313
강원도 원주시 태장2동 2149,37.3954353,127.9509506
강원도 원주시 단계동 568-2,37.3595657,127.9253998
강원도 원주시 지정면 신평리 213-7,37.3608818,127.8978729
강원도 원주시 원인동 269,37.3472557,127.9548492
강원도 원주시 원인동 269,37.3472557,127.9548492
강원도 원주시 원인동 269,37.3472557,127.9548492
강원도 원주시 원인동 269,37.3472557,127.9548492
강원도 원주시 원인동 269,37.3472557,127.9548492
강원도 원주시 중앙동 276,37.3512154,127.9477234
강원도 원주시 명륜1동 27-6,37.3427734,127.9550323
강원도 원주시 우산동 812-1,37.3608055,127.9398499
강원도 원주시 우산동 812-1,37.3608055,127.9398499
강원도 원주시 우산동 812-1,37.3608055,127.9398499
강원도 원주시 단계동 947,37.3438568,127.9337158
강원도 원주시 중앙동 276,37.349144,127.9496002
강원도 원주시 중앙동 1-1,37.3525352,127.9496002
강원도 원주시 명륜2동 369,37.3324127,127.9470215
강원도 원주시 명륜2동 369,37.3324127,127.9470215
강원도 원주시 명륜2동 369,37.3324127,127.9470215
강원도 원주시 학성동 329-5,37.3564034,127.9438858
강원도 원주시 단계동 782-6,37.3472862,127.9342651
강원도 원주시 단계동 782-6,37.3472862,127.9342651
강원도 원주시 단계동 782-6,37.3472862,127.9342651
강원도 원주시 단계동 782-6,37.3472862,127.9342651
강원도 원주시 단계동 782-6,37.3472862,127.9342651
강원도 원주시 학성동 1112,37.3567619,127.9359436
강원도 원주시 학성동 1112,37.3567619,127.9359436
강원도 원주시 학성동 1112,37.3567619,127.9359436
강원도 원주시 학성동 1112,37.3567619,127.9359436
강원도 원주시 학성동 1112,37.3567619,127.9359436
강원도 원주시 우산동 88-1,37.3671837,127.9407425
강원도 원주시 우산동 88-1,37.3671837,127.9407425
강원도 원주시 우산동 88-1,37.3671837,127.9407425
강원도 원주시 우산동 88-1,37.3671837,127.9407425
강원도 원주시 우산동 88-1,37.3671837,127.9407425
강원도 원주시 태장1동 1420,37.3823662,127.9468231
강원도 원주시 태장1동 1420,37.3823662,127.9468231
강원도 원주시 태장1동 1420,37.3823662,127.9468231
강원도 원주시 태장1동 1420,37.3823662,127.9468231
강원도 원주시 단계동 910,37.3399963,127.9377441
강원도 원주시 단구동 137,37.3236923,127.9617691
강원도 원주시 봉산동 1202,37.3418045,127.9642334
강원도 원주시 무실동 1776,37.3353386,127.9299011
강원도 원주시 무실동 1776,37.3353386,127.9299011
강원도 원주시 무실동 1776,37.3353386,127.9299011
강원도 원주시 무실동 1776,37.3353386,127.9299011
강원도 원주시 무실동 1776,37.3353386,127.9299011
강원도 원주시 반곡관설동 1709-1,37.3177567,127.9686356
강원도 원주시 반곡관설동 1709-1,37.3177567,127.9686356
강원도 원주시 반곡관설동 1709-1,37.3177567,127.9686356
강원도 원주시 반곡관설동 1709-1,37.3177567,127.9686356
강원도 원주시 문막읍 건등리 205-15,37.319725,127.8314972
강원도 원주시 문막읍 건등리 205-15,37.319725,127.8314972
강원도 원주시 문막읍 건등리 205-15,37.319725,127.8314972
강원도 원주시 흥업면 사제리 1330-33,37.3409882,127.8800964
강원도 원주시 흥업면 사제리 1330-33,37.3409882,127.8800964
강원도 원주시 흥업면 사제리 1330-33,37.3409882,127.8800964
강원도 원주시 단계동 1160,37.3449135,127.9278183
강원도 원주시 단계동 1160,37.3449135,127.9278183
강원도 원주시 단계동 1160,37.3449135,127.9278183
강원도 원주시 단구동 1466,37.327652,127.9540558
강원도 원주시 단구동 1466,37.327652,127.9540558
강원도 원주시 단구동 1466,37.327652,127.9540558
강원도 원주시 단구동 1466,37.327652,127.9540558
강원도 원주시 판부면 서곡리 2026-2,37.3223076,127.9403076
강원도 원주시 판부면 서곡리 2026-2,37.3223076,127.9403076
강원도 원주시 판부면 서곡리 2026-2,37.3223076,127.9403076
강원도 원주시 판부면 서곡리 2026-2,37.3223076,127.9403076
강원도 원주시 판부면 서곡리 2026-2,37.3223076,127.9403076
강원도 원주시 태장2동 2069,37.3969231,127.9519882
강원도 원주시 태장2동 2069,37.3969231,127.9519882
강원도 원주시 태장2동 2069,37.3969231,127.9519882
강원도 원주시 태장2동 2069,37.3969231,127.9519882
강원도 원주시 태장2동 2069,37.3969231,127.9519882
강원도 원주시 단구동 724-15,37.3264046,127.9586792
강원도 원주시 원인동 300-61,37.3421326,127.9469757
강원도 원주시 봉산동 1125-14,37.346653,127.9567032
강원도 원주시 중앙동 143,37.3491859,127.9517365
강원도 원주시 중앙동 45,37.3513069,127.9503449
강원도 원주시 태장2동 1362-11,37.3865089,127.9508057
강원도 원주시 학성동 131-1,37.3563881,127.9488831
강원도 원주시 학성동 326-17,37.3541031,127.9472427
강원도 원주시 반곡관설동 240,37.2969055,127.9890671
강원도 원주시 개운동 384-5,37.3431015,127.9570084
강원도 원주시 개운동 40-2,37.340435,127.9615173
강원도 원주시 명륜1동 259-23,37.338028,127.949913
강원도 원주시 명륜1동 77-30,37.3417091,127.9520416
강원도 원주시 명륜1동 311-11,37.3400917,127.9407425
강원도 원주시 명륜2동 471,37.3328857,127.9452972
강원도 원주시 개운동 199-6,37.3393555,127.9598846
강원도 원주시 일산동 89-1,37.3483734,127.9482269
강원도 원주시 일산동 233-23,37.3491592,127.9432449
강원도 원주시 반곡관설동 1579,37.3134155,127.9629135
강원도 원주시 학성동 223-45,37.3526573,127.944931
강원도 원주시 단계동 55-5,37.3596039,127.9383392
강원도 원주시 우산동 226-3,37.3687935,127.9364471
강원도 원주시 봉산동 902-245,37.3443298,127.9623108
강원도 원주시 단계동 915-12,37.3395462,127.9335022
강원도 원주시 태장2동 1346-85,37.3582916,127.9526138
강원도 원주시 반곡관설동 1735-8,37.3169518,127.9601288
강원도 원주시 명륜2동 751,37.3330421,127.942009
강원도 원주시 일산동 211,37.351582,127.946762
강원도 원주시 우산동 660 상지대학교 창조관 3층,37.371993,127.928577
강원도 원주시 단계동 881-2 202호,37.344003,127.929541
강원도 원주시 반곡동 산 212-1,37.322945,127.978857
강원도 원주시 반곡동 산 212-1,37.32319,127.978458
